{"cameraMode":{"drawMode":0,"name":"Shaded","section":"Shading Mode"},"sceneLighting":true,"audioPlay":false,"sceneViewState":{"showFog":true,"showMaterialUpdate":false,"showSkybox":true,"showFlares":true,"showImageEffects":true,"showParticleSystems":true},"in2DMode":false,"pivot":{"x":1519.7467041015625,"y":746.01318359375,"z":218.90975952148438},"rotation":{"x":-0.17187835276126862,"y":0.028660107403993608,"z":-0.005002492573112249,"w":-0.9846891760826111},"size":362.861328125,"orthographic":false}